reference,firstname,lastname,home_phone_number,mobile_phone_number,email,address
1,John,Doe,0107572353,0605778066,providencia@schowalter.name,"Suite 597 36020 Stracke Trace, North Alidafurt, WY 32448-9190"
2,Lasandra,Cummings,0123456789,0604183349,booker@upton.io,"Apt. 784 4663 Schamberger Mills, North Argelia, WY 76398-7875"
3,Logan,Balistreri,0104021676,0609163271,bobbiewelch@quitzonpfannerstill.net,"Suite 409 6365 Bins Throughway, East Giovanna, UT 08860"
4,Francine,Nitzsche,0105574587,0601311370,michaelhalvorson@legros.co,"1757 Monty Hills, Port Chadwickburgh, PA 48113-6671"
5,Danilo,Donnelly,0109515103,0608110923,jeanarmstrong@connelly.org,"737 Aufderhar Groves, West Stefaniaport, NH 27148-4438"
6,Jeanmarie,Bauch,0187654321,0605059004,shelley@schillerpredovic.net,"Apt. 960 582 Veum Causeway, New Joline, TN 66345"
7,Elton,Hills,0100352064,0606972098,annette@jaskolski.com,"851 Evelyn Burgs, Port Loma, IA 34368"
8,Angele,Feil,0109689889,0605267100,bernie@hoppe.net,"16098 Zackary River, Millardtown, NJ 82952-7982"
9,Eddy,Kulas,0102731294,061234567,elainaflatley@homenickbeer.co,"Suite 312 7419 Mayert River, Kymberlyburgh, ME 63154"
10,Lilly,Nicolas,0104161941,0603846681,rayford@jacobs.org,"Suite 250 48641 Cornell Corner, Masonstad, NC 32103-0424"
11,Juana,Conroy,0105169897,0603213153,concepcion@ortizolson.co,"Suite 965 262 Dann Park, Brittville, ID 98841"
12,Betty,West,0100038551,0601765395,modified_email@wintheiserkirlin.net,"87871 Simonis Forks, Colleneberg, GA 21120"
13,Richie,Homenick,0103164565,0602415444,columbusrempel@maggio.info,"Suite 371 59039 Farrell Trail, Noebury, VT 17272-6158"
14,Barry,Yost,0104246406,0604815381,eliseotowne@crist.org,"Modified address 375 6373 Schowalter Junction, Marianburgh, UT 74311-7283"
15,Hannelore,Flatley,0103211454,0606417464,lacy@johnskozey.com,"9190 Hirthe Heights, Dustyland, CA 26415"
16,Dann,Jacobs,0108383296,0604661445,brandon@wilderman.name,"Suite 763 171 Jacobs Rapid, Kulasberg, CA 85392"
17,Miss,Lowe,0107661007,0606774935,otha@herzog.co,"Suite 261 5018 Ronnie Springs, Dooleybury, NJ 64770-9155"
18,Cherise,Pfannerstill,0108685504,0605660776,joanniebaumbach@fritsch.name,"Suite 965 5190 Pedro Via, Mariamside, SD 15360"
19,Cyrus,Wilderman,0108266211,0601432197,dewittprohaska@reynolds.co,"Other modified address 207 2657 Kuhn Lakes, West Drewview, AL 61164-1074"
20,Kathy,Goodwin,0102918342,0607013690,sterlingmoriette@kaulke.com,"Apt. 990 32181 Adella Park, East Normanberg, PA 44172-8046"
